month,neighborhood,trips
2026-01,Riverside,2000
2026-01,Old Town,1600
2026-01,Hilltop,600
2026-02,Riverside,2200
2026-02,Old Town,1750
2026-02,Hilltop,620
2026-03,Riverside,2600
2026-03,Old Town,2100
2026-03,Hilltop,640
2026-04,Riverside,3100
2026-04,Old Town,2500
2026-04,Hilltop,650
2026-05,Riverside,3600
2026-05,Old Town,2900
2026-05,Hilltop,680
2026-06,Riverside,4200
2026-06,Old Town,3400
2026-06,Hilltop,1500
2026-07,Riverside,4900
2026-07,Old Town,3900
2026-07,Hilltop,2100
2026-08,Riverside,5500
2026-08,Old Town,4400
2026-08,Hilltop,2600
2026-09,Riverside,6100
2026-09,Old Town,5000
2026-09,Hilltop,3000
2026-10,Riverside,6700
2026-10,Old Town,5600
2026-10,Hilltop,3400
2026-11,Riverside,7200
2026-11,Old Town,6200
2026-11,Hilltop,3800
2026-12,Riverside,7800
2026-12,Old Town,6900
2026-12,Hilltop,4200
